url,title,date,domain,language,country_1_iso3,country_2_iso3,sentiment,fetched_at
https://www.bd-pratidin.com/international-news/2025/11/11/1178361,ভারতের সঙ্গে নতুন বাণিজ্য চুক্তির দ্বারপ্রান্তে যুক্তরাষ্ট্র : ট্রাম্প |,20251111T070000Z,bd-pratidin.com,Bengali,IND,USA,0.0,2025-11-15T18:08:41.627250
https://glavcom.ua/country/incidents/vibukhi-na-odeshchini-ataka-na-saratovskij-npz-holovne-za-nich--1087742.html,"Вибухи на Одещині , атака на Саратовський НПЗ : головне за ніч",20251111T051500Z,glavcom.ua,Ukrainian,IND,USA,0.0,2025-11-15T18:08:41.627317
https://unn.ua/news/bilyi-dim-pohodyvsia-znyzyty-myta-dlia-chotyrokh-krain-pivdennoi-ta-tsentralnoi-ameryky-politico,"Яловичина , кава і банани : Білий дім погодився знизити мита для чотирьох країн Латинської Америки - Politico",20251114T101500Z,unn.ua,Ukrainian,IND,USA,0.0,2025-11-15T18:08:41.627330
https://navbharattimes.indiatimes.com/business/business-news/china-u-turn-suspends-ban-on-exports-of-gallium-germanium-antimony-to-us-what-will-be-the-impact-on-india/articleshow/125204473.cms,"China Export Ban : चीन का यू - टर्न ... अमेरिका को थोड़े समय के ल‍िए दी ये  ऑक्‍सीजन , भारत पर क्‍या होगा असर ? ",20251109T174500Z,navbharattimes.indiatimes.com,Hindi,IND,CHN,0.0,2025-11-15T18:08:46.632684
https://finance.ifeng.com/c/8oHUD3BWOGP,扩区获批 ， 中部外贸第一城  机会来了 _ 凤凰网,20251114T151500Z,finance.ifeng.com,Chinese,IND,HKG,0.0,2025-11-15T18:09:08.961197
https://www.nbd.com.cn/articles/2025-11-14/4144274.html,扩区获批 ， 中部外贸第一城  机会来了,20251114T164500Z,nbd.com.cn,Chinese,IND,HKG,0.0,2025-11-15T18:09:08.961210
https://www.nbd.com.cn/articles/2025-11-14/4143827.html,扩区获批 ， 中部外贸第一城  机会来了,20251114T150000Z,nbd.com.cn,Chinese,IND,HKG,0.0,2025-11-15T18:09:08.961223
https://xapp.southcn.com/node_27c664f088/d2d10c723b.shtml,广东外贸连续9季度正增长 ， 密码藏在这里 _ 南方网,20251110T121500Z,xapp.southcn.com,Chinese,IND,HKG,0.0,2025-11-15T18:09:08.961235
https://www.chinanews.com.cn/dwq/2025/11-11/10513624.shtml,粤港澳大湾区近现代文物展开幕 350多件展品反映百年变迁 - 中新网,20251111T080000Z,chinanews.com.cn,Chinese,IND,HKG,0.0,2025-11-15T18:09:08.961262
https://www.hkcna.hk/docDetail.jsp?id=101162699&channel=4372,美國經濟學家 ： 美企仍深度參與中國市場尤其大灣區 | 社會,20251113T110000Z,hkcna.hk,Chinese,IND,HKG,0.0,2025-11-15T18:09:08.961312
https://www.koreaherald.com/article/10615313,ICT exports up 12 % in Oct . on AI server chips,20251113T024500Z,koreaherald.com,English,IND,HKG,0.0,2025-11-15T18:09:08.961324
https://en.acnnewswire.com/press-release/english/103670/italian-businesses-eye-hong-kong-as-key-gateway-to-asia,,20251112T111500Z,en.acnnewswire.com,English,IND,HKG,0.0,2025-11-15T18:09:08.961370
https://mg.co.za/africa/2025-11-14-east-africa-trade-soars-to-38bn-in-second-quarter-narrowing-deficit/,"East Africa trade soars to $38bn in second quarter , narrowing deficit – The Mail & Guardian",20251114T171500Z,mg.co.za,English,IND,SGP,0.0,2025-11-15T18:09:33.014257
https://blogs.adb.org/blog/how-asia-can-balance-production-and-consumption-cut-global-emissions,How Asia Can Balance Production and Consumption to Cut Global Emissions,20251113T113000Z,blogs.adb.org,English,IND,SGP,0.0,2025-11-15T18:09:33.014269
https://www.livemint.com/industry/manufacturing/govt-withdraws-bis-norms-on-polyester-chain-polymers-user-industry-cites-relief-on-costs-for-msmes-11763025083259.html,"Govt withdraws BIS norms on polyester chain , polymers ; user industry cites relief on costs for MSMEs",20251114T010000Z,livemint.com,English,IND,SGP,0.0,2025-11-15T18:09:33.014281
https://www.unian.ua/economics/energetics/tinoviy-flot-kitayu-u-bloomberg-rozpovili-yak-krajina-importuvatime-rosiyskiy-gaz-13193826.html,"Тіньовий флот Китаю - у Bloomberg розповіли , як країна імпортуватиме російський газ УНІАН",20251112T124500Z,unian.ua,Ukrainian,IND,SGP,0.0,2025-11-15T18:09:33.014292
https://www.sbs.com.au/news/article/russian-sanctions-oil-prices/zlp3yj79y,Australia fuel - price  turning point : How global shocks could affect you,20251111T074500Z,sbs.com.au,English,IND,SGP,0.0,2025-11-15T18:09:33.014304
https://www.livemint.com/companies/reliance-international-industries-russia-oil-trade-abu-dhabi-uae-crude-sikka-port-petroleum-products-11762885889173.html,Reliance International : How global oil dynamics made Abu Dhabi unit a vital trade artery for Reliance,20251112T074500Z,livemint.com,English,IND,SGP,0.0,2025-11-15T18:09:33.014319
https://www.manilatimes.net/2025/11/14/tmt-newswire/pr-newswire/abu-dhabi-to-take-economic-partnership-with-singapore-and-india-to-new-heights/2224126,Abu Dhabi to take economic partnership with Singapore and India to new heights,20251114T123000Z,manilatimes.net,English,IND,SGP,0.0,2025-11-15T18:09:33.014331
https://money.kompas.com/read/2025/11/14/183244726/analis-sebut-kerugian-air-india-bebani-keuangan-singapore-airlines,Analis Sebut Kerugian Air India Bebani Keuangan Singapore Airlines,20251114T120000Z,money.kompas.com,Indonesian,IND,SGP,0.0,2025-11-15T18:09:33.014342
https://www.thehindu.com/business/Industry/chhattisgarh-commences-dispatch-of-indias-biggest-ever-copper-concentrate-export-to-china/article70276058.ece,Chhattisgarh commences dispatch of India biggest - ever copper concentrate export to China,20251113T174500Z,thehindu.com,English,IND,SGP,0.0,2025-11-15T18:09:33.014353
https://www.marketscreener.com/news/singapore-airlines-profit-plunges-on-air-india-losses-update-ce7d5fdcdc8ff52c,Singapore Airlines Profit Plunges on Air India Losses -- Update,20251113T111500Z,marketscreener.com,English,IND,SGP,0.0,2025-11-15T18:09:33.014376
https://economictimes.indiatimes.com/news/defence/india-a-continental-and-maritime-power-holds-key-role-as-preferred-partner-in-indian-ocean-region-cds-gen-anil-chauhan/articleshow/125198851.cms,"India , a continental and maritime power , holds key role as preferred partner in Indian Ocean region : CDS Gen Anil Chauhan",20251109T091500Z,economictimes.indiatimes.com,English,IND,SGP,0.0,2025-11-15T18:09:33.014387
https://www.ntdtv.com/b5/2025/11/09/a104036888.html,德國將重新審查與中國的貿易關係 | 對華貿易 | 中共管制稀土,20251109T080000Z,ntdtv.com,Chinese,IND,DEU,0.0,2025-11-15T18:09:42.124075
http://www.middleeaststar.com/news/278692002/rmg-imports-from-bangladesh-drop-by-27-percent-during-april-sept-after-govt-restrictions,RMG imports from Bangladesh drop by 27 percent during April - Sept after govt restrictions,20251113T164500Z,middleeaststar.com,English,IND,DEU,0.0,2025-11-15T18:09:42.124088
http://www.europesun.com/news/278692002/rmg-imports-from-bangladesh-drop-by-27-percent-during-april-sept-after-govt-restrictions,RMG imports from Bangladesh drop by 27 percent during April - Sept after govt restrictions,20251113T150000Z,europesun.com,English,IND,DEU,0.0,2025-11-15T18:09:42.124101
http://www.arabherald.com/news/278692002/rmg-imports-from-bangladesh-drop-by-27-percent-during-april-sept-after-govt-restrictions,RMG imports from Bangladesh drop by 27 percent during April - Sept after govt restrictions,20251113T160000Z,arabherald.com,English,IND,DEU,0.0,2025-11-15T18:09:42.124113
https://www.livemint.com/economy/india-export-strategy-us-tariffs-msme-africa-south-asia-trade-11763031103340.html,"India holding consultations with potential buyers from Ghana , Rwanda , Uganda , Nepal as part of Plan B",20251114T003000Z,livemint.com,English,IND,DEU,0.0,2025-11-15T18:09:42.124125
https://navbharattimes.indiatimes.com/business/business-news/india-textile-exports-to-111-countries-recorded-a-10-percent-yoy-growth-during-april-to-september-2025/articleshow/125303070.cms,"India Textile Exports : ट्रंप का टैरिफ भी नहीं रोक पाया ... भारत ने टेक्सटाइल एक्सपोर्ट में कमाल कर दिया , 10 % की आई तेजी",20251113T164500Z,navbharattimes.indiatimes.com,Hindi,IND,DEU,0.0,2025-11-15T18:09:42.124150
https://www.163.com/dy/article/KE17RBL60519IGF7.html,罗志恒 ： 压力下的突围 中国出口韧性从何而来 ， 能否持续 ？ ,20251110T103000Z,163.com,Chinese,IND,DEU,0.0,2025-11-15T18:09:42.124162
https://aninews.in/news/national/general-news/indias-textile-exports-growth-recorded-in-111-countries-shows-resilience-and-diversification20251112225006/,"India textile exports growth recorded in 111 countries , shows resilience and diversification",20251112T184500Z,aninews.in,English,IND,DEU,0.0,2025-11-15T18:09:42.124173
https://news.webindia123.com/news/Articles/India/20251112/4383018.html,"India textile exports growth recorded in 111 countries , shows resilience and diversification",20251112T183000Z,news.webindia123.com,English,IND,DEU,0.0,2025-11-15T18:09:42.124185
https://china.qianlong.com/2025/1109/8578949.shtml,借助  城市友谊的虚线  感知中国式开放更细 、 更精准 、 更有温度 - 千龙网 · 中国首都网,20251108T174500Z,china.qianlong.com,Chinese,IND,DEU,0.0,2025-11-15T18:09:42.124196
https://www.thehindubusinessline.com/economy/indias-textile-exports-growth-recorded-in-111-countries-shows-resilience-and-diversification/article70273983.ece,"India textile exports growth recorded in 111 countries , shows resilience and diversification",20251113T081500Z,thehindubusinessline.com,English,IND,DEU,0.0,2025-11-15T18:09:42.124208
https://www.livemint.com/news/india/fta-talks-new-zealand-indian-grapes-imports-11762856595157.html,"As FTA talks gather pace , New Zealand in a first to allow Indian grapes imports",20251111T144500Z,livemint.com,English,IND,GBR,0.0,2025-11-15T18:09:48.028181
https://www.livemint.com/news/india/india-set-to-become-world-s-largest-scotch-market-says-scotch-whisky-association-whats-driving-this-growth-11762674444713.html,"India set to become world largest Scotch market , says Scotch Whisky Association what driving this growth ? ",20251109T113000Z,livemint.com,English,IND,GBR,0.0,2025-11-15T18:09:48.028217
https://www.zonebourse.com/actualite-bourse/tata-steel-demande-la-prolongation-des-droits-d-importation-sur-certains-produits-siderurgiques-en-i-ce7d5fdcde8cf723,Tata Steel demande la prolongation des droits dimportation sur certains produits sidérurgiques en Inde,20251113T131500Z,zonebourse.com,French,IND,GBR,0.0,2025-11-15T18:09:48.028229
https://www.rediff.com/business/report/india-to-emerge-as-largest-scotch-market/20251110.htm,India to emerge as largest scotch market,20251109T234500Z,rediff.com,English,IND,GBR,0.0,2025-11-15T18:09:48.028249
https://www.thehindubusinessline.com/economy/india-to-emerge-as-largest-scotch-market-exploring-partnership-with-indian-malt-makers-scotch-whisky-association/article70258856.ece,"India to emerge as largest scotch market , exploring partnership with Indian malt makers : Scotch Whisky Association",20251109T101500Z,thehindubusinessline.com,English,IND,GBR,0.0,2025-11-15T18:09:48.028262
https://www.dailyexcelsior.com/india-to-emerge-as-largest-scotch-mkt-exploring-partnership-with-indian-malt-makers-scotch-whisky-asso/,"India to emerge as largest scotch mkt , exploring partnership  with Indian malt makers : Scotch Whisky Asso",20251109T071500Z,dailyexcelsior.com,English,IND,GBR,0.0,2025-11-15T18:09:48.028274
https://www.timesnownews.com/business-economy/industry/swa-chief-predicts-india-will-lead-global-scotch-whisky-market-in-next-few-years-heres-what-he-said-article-153124337,SWA Chief Predicts India Will Lead Global Scotch Whisky Market In Next Few Years ; Here What He Said,20251109T121500Z,timesnownews.com,English,IND,GBR,0.0,2025-11-15T18:09:48.028286
https://www.mondaq.com:443/unitedstates/export-controls-trade-investment-sanctions/1702652/sanctions-update-november-3-2025,"Sanctions Update : November 3 , 2025",20251110T103000Z,mondaq.com,English,IND,GBR,0.0,2025-11-15T18:09:48.028301
https://www.moneycontrol.com/news/business/withdrawal-of-14-qcos-landmark-reform-to-enhance-eodb-in-textiles-plastic-and-chemical-industries-experts-13676066.html,"Withdrawal of 14 QCOs landmark reform , to enhance EoDB in textiles , plastic and chemical industries : Experts",20251114T100000Z,moneycontrol.com,English,IND,GBR,0.0,2025-11-15T18:09:48.028313
https://hindi.business-standard.com/opinion/early-data-shows-strong-resilience-of-indian-exports-to-trump-tariffs-id-485778,"Trump tariffs and Exports : अमेरिकी चोट के बीच मजबूती से टिका है भारतीय निर्यात , शुरुआती आंकड़े दे रहे गवाही - early data shows strong resilience of indian exports to trump tariffs",20251111T163000Z,hindi.business-standard.com,Hindi,IND,GBR,0.0,2025-11-15T18:09:48.028324
https://www.ntdtv.com/b5/2025/11/11/a104037681.html,11月11日國際聚焦 英國最大洗錢案 中國主犯被判近12年重刑 | 錢志敏 | 張雅迪 | 洩露軍事機密,20251112T021500Z,ntdtv.com,Chinese,IND,GBR,0.0,2025-11-15T18:09:48.028336
https://www.bhaskar.com/international/news/trump-lifts-tariffs-on-beef-coffee-and-fruit-136425926.html,"Trump lifts tariffs on beef , coffee , and fruit | ट्रम्प दो राज्यों में हार के बाद टैरिफ पर पलटे : बीफ - कॉफी और फलों से टैरिफ हटाया ; महंगाई की वजह से लोगों में नाराजगी",20251115T114500Z,bhaskar.com,Hindi,IND,GBR,0.0,2025-11-15T18:09:48.028347
https://idrw.org/us-trade-tensions-unlock-export-goldmine-for-indias-tejas-but-engine-bottlenecks-and-seat-shortfalls-threaten-the-surge/,US Trade Tensions Unlock Export Goldmine for India Tejas : But Engine Bottlenecks and Seat Shortfalls Threaten the Surge,20251110T154500Z,idrw.org,English,IND,GBR,0.0,2025-11-15T18:09:48.028361
https://www.news18.com/explainers/chinas-loss-indias-gain-how-the-global-supply-chain-reset-could-make-india-the-next-big-factory-shil-ws-l-9703480.html,"China Loss , India Gain ? How The Global Supply Chain Reset Could Make India The Next Big Factory | Explainers News",20251113T061500Z,news18.com,English,IND,GBR,0.0,2025-11-15T18:09:48.028373
https://www.livemint.com/news/indias-lifting-of-rice-export-ban-helped-cool-global-food-prices-says-wto-11762769882532.html,"India lifting of rice export ban helped cool global food prices , says WTO",20251111T023000Z,livemint.com,English,IND,JPN,0.0,2025-11-15T18:11:12.266966
http://www.azerbaijannews.net/news/278691305/india-becomes-indonesia-3rd-largest-export-destination-in-q2-2025-amid-trade-shifts-report,India becomes Indonesia 3rd largest export destination in Q2 2025 amid trade shifts : Report,20251113T090000Z,azerbaijannews.net,English,IND,JPN,0.0,2025-11-15T18:11:12.266992
http://www.vietnamtribune.com/news/278691305/india-becomes-indonesia-3rd-largest-export-destination-in-q2-2025-amid-trade-shifts-report,India becomes Indonesia 3rd largest export destination in Q2 2025 amid trade shifts : Report,20251113T090000Z,vietnamtribune.com,English,IND,JPN,0.0,2025-11-15T18:11:12.267005
http://www.pakistantelegraph.com/news/278691305/india-becomes-indonesia-3rd-largest-export-destination-in-q2-2025-amid-trade-shifts-report,India becomes Indonesia 3rd largest export destination in Q2 2025 amid trade shifts : Report,20251113T090000Z,pakistantelegraph.com,English,IND,JPN,0.0,2025-11-15T18:11:12.267018
http://www.singaporestar.com/news/278691305/india-becomes-indonesia-3rd-largest-export-destination-in-q2-2025-amid-trade-shifts-report,India becomes Indonesia 3rd largest export destination in Q2 2025 amid trade shifts : Report,20251113T090000Z,singaporestar.com,English,IND,JPN,0.0,2025-11-15T18:11:12.267030
http://www.russiaherald.com/news/278691305/india-becomes-indonesia-3rd-largest-export-destination-in-q2-2025-amid-trade-shifts-report,India becomes Indonesia 3rd largest export destination in Q2 2025 amid trade shifts : Report,20251113T101500Z,russiaherald.com,English,IND,JPN,0.0,2025-11-15T18:11:12.267043
http://www.asiabulletin.com/news/278691305/india-becomes-indonesia-3rd-largest-export-destination-in-q2-2025-amid-trade-shifts-report,India becomes Indonesia 3rd largest export destination in Q2 2025 amid trade shifts : Report,20251113T100000Z,asiabulletin.com,English,IND,JPN,0.0,2025-11-15T18:11:12.267055
http://www.taiwansun.com/news/278691305/india-becomes-indonesia-3rd-largest-export-destination-in-q2-2025-amid-trade-shifts-report,India becomes Indonesia 3rd largest export destination in Q2 2025 amid trade shifts : Report,20251113T103000Z,taiwansun.com,English,IND,JPN,0.0,2025-11-15T18:11:12.267067
http://www.europesun.com/news/278691305/india-becomes-indonesia-3rd-largest-export-destination-in-q2-2025-amid-trade-shifts-report,India becomes Indonesia 3rd largest export destination in Q2 2025 amid trade shifts : Report,20251113T103000Z,europesun.com,English,IND,JPN,0.0,2025-11-15T18:11:12.267080
https://vietnamnet.vn/en/vietnam-foodexpo-2025-hosts-nearly-400-local-foreign-exhibitors-2462302.html,"Vietnam Foodexpo 2025 hosts nearly 400 local , foreign exhibitors",20251113T031500Z,vietnamnet.vn,English,IND,JPN,0.0,2025-11-15T18:11:12.267092
https://www.fnnews.com/news/202511141126254149,"  중국산 우회 수입 차단 .. 인도 , 베트남산 철강에 반덤핑 관세 부과",20251114T040000Z,fnnews.com,Korean,IND,JPN,0.0,2025-11-15T18:11:12.267117
https://ec.ltn.com.tw/article/breakingnews/5243986,之前買太多導致庫存過剩 中國增購美國大豆恐只是嘴上說說,20251112T110000Z,ec.ltn.com.tw,Chinese,USA,CHN,0.0,2025-11-15T18:12:55.195612
https://www.stcn.com/article/detail/3494721.html,  新三样  变成  新N样 ！ 对美出口下滑到7年前水平我国出口总额仍创历史新高,20251114T020000Z,stcn.com,Chinese,USA,CHN,0.0,2025-11-15T18:12:55.195626
https://www.dailyexcelsior.com/adanis-to-tie-up-with-chinese-ev-giant/,Adanis To Tie Up With Chinese EV Giant,20251111T081500Z,dailyexcelsior.com,English,USA,CHN,0.0,2025-11-15T18:12:55.195631
https://sputniknews.cn/20251110/1068293918.html,中国暂停对美贸易限制措施一年,20251110T041500Z,sputniknews.cn,Chinese,USA,CHN,0.0,2025-11-15T18:12:55.195651
https://www.marketscreener.com/news/trump-s-trade-war-with-china-in-2025-ce7d5fd9dd8ef720,Trump trade war with China in 2025,20251111T100000Z,marketscreener.com,English,USA,CHN,0.0,2025-11-15T18:12:55.195656
https://www.marketscreener.com/news/germany-rethinks-china-policy-as-trade-squeeze-exposes-vulnerabilities-ce7d5fddd88ef120,Germany rethinks China policy as trade squeeze exposes vulnerabilities,20251114T063000Z,marketscreener.com,English,DEU,CHN,0.0,2025-11-15T18:13:16.863916
https://www.stcn.com/article/detail/3485944.html,前10月我国进出口总值同比增长3 . 6 % ,20251110T000000Z,stcn.com,Chinese,DEU,CHN,0.0,2025-11-15T18:13:16.863928
https://navbharattimes.indiatimes.com/business/business-news/worlds-biggest-chocolate-exporters-where-india-stands/articleshow/125243022.cms,"Chocolate Export From India , स्विट्जरलैंड से ज्यादा चॉकलेट एक्सपोर्ट करते हैं ये 9 देश , देख लीजिए पूरी लिस्ट - world biggest chocolate exporters where india stands",20251111T100000Z,navbharattimes.indiatimes.com,Hindi,DEU,CHN,0.0,2025-11-15T18:13:16.863952
https://www.nbd.com.cn/articles/2025-11-12/4140933.html,对美出口下滑到7年前水平 ， 我国出口总额却创历史新高 ， 新三样  变成  新N样  ,20251112T171500Z,nbd.com.cn,Chinese,DEU,CHN,0.0,2025-11-15T18:13:16.863966
https://www.huxiu.com/article/4804343.html,对美出口下滑到7年前水平 ， 我国出口总额为何创历史新高 ？ ,20251113T041500Z,huxiu.com,Chinese,DEU,CHN,0.0,2025-11-15T18:13:16.863978
https://news.az/news/germany-rethinks-china-policy-as-trade-risks-exposed,Germany rethinks China policy as trade risks exposed,20251114T074500Z,news.az,English,DEU,CHN,0.0,2025-11-15T18:13:16.863990
https://www.cnr.cn/shanghai/gstjshanghai/20251113/t20251113_527428226.shtml,上海外资核心力量进一步增强 _ 央广网,20251113T034500Z,cnr.cn,Chinese,DEU,CHN,0.0,2025-11-15T18:13:16.864002
https://www.money.pl/gospodarka/niemcy-przyznaly-ile-towaru-sprowadzaja-z-polski-padly-kwoty-7221323660880832a.html,"Niemcy przyznały , ile towaru sprowadzają z Polski . Padły kwoty",20251113T090000Z,money.pl,Polish,DEU,CHN,0.0,2025-11-15T18:13:16.864026
https://www.6park.com/view/news/755751.html,稀土危机 : 德国重审对华政策 加速推动去风险战略,20251114T063000Z,6park.com,Chinese,DEU,CHN,0.0,2025-11-15T18:13:16.864038
https://www.dostor.org/5299121,الصين ترفع الحظر عن تصدير 3 معادن أساسية إلى الولايات المتحدة,20251109T071500Z,dostor.org,Arabic,DEU,CHN,0.0,2025-11-15T18:13:16.864050
https://biz.heraldcorp.com/article/10611964,韓 중간재 수출입 비중 G7 중 1위  무역 분쟁에 더 취약 … 반도체 쏠림은 심화,20251109T050000Z,biz.heraldcorp.com,Korean,CHN,JPN,0.0,2025-11-15T18:13:24.490697
https://www.thesouthafrican.com/news/sa-rooiboos-tea-expands-to-china-in-new-trade-deal/,SA rooibos tea expands to China in new trade deal,20251109T131500Z,thesouthafrican.com,English,CHN,JPN,0.0,2025-11-15T18:13:24.490717
https://www.fnnews.com/news/202511091423221667,"  韓 중간재 수출입 비중 , G7 보다 커 .. 무역분쟁에 더 취약  ",20251109T061500Z,fnnews.com,Korean,CHN,JPN,0.0,2025-11-15T18:13:24.490731
https://www.edaily.co.kr/News/Read?newsId=01794166642365720&mediaCodeNo=257,K - 드론 수출 10배 성장했지만 … 글로벌 점유율 0 . 5 % 불과,20251113T231500Z,edaily.co.kr,Korean,CHN,JPN,0.0,2025-11-15T18:13:24.490743
https://aninews.in/news/business/india-becomes-indonesias-3rd-largest-export-destination-in-q2-2025-amid-trade-shifts-report20251113131031/,India becomes Indonesia 3rd largest export destination in Q2 2025 amid trade shifts : Report,20251113T093000Z,aninews.in,English,CHN,JPN,0.0,2025-11-15T18:13:24.490756
https://www.tribuneindia.com/news/business/india-becomes-indonesias-3rd-largest-export-destination-in-q2-2025-amid-trade-shifts-report/,India becomes Indonesia 3rd largest export destination in Q2 2025 amid trade shifts : Report,20251113T081500Z,tribuneindia.com,English,CHN,JPN,0.0,2025-11-15T18:13:24.490771
https://biz.heraldcorp.com/article/10612219,"韓 중간재 수출 · 입 비중 , 모든 G7 국가보다 높았다",20251109T234500Z,biz.heraldcorp.com,Korean,CHN,JPN,0.0,2025-11-15T18:13:24.490785
https://www.newspim.com/news/view/20251113001177,"  K - 드론 수출 , 10배 성장 … 수출시장 점유율은 0 . 5 % ",20251113T220000Z,newspim.com,Korean,CHN,JPN,0.0,2025-11-15T18:13:24.490797
https://www.wenweipo.com/a/202511/14/AP69163b61e4b0097cf8b99771.html,進出口溫和改善 建議香港四方面積極應對不確定性 - 財經論壇,20251113T223000Z,wenweipo.com,Chinese,CHN,JPN,0.0,2025-11-15T18:13:24.490812
https://natlawreview.com/article/white-house-announces-multiple-trade-deals-following-president-trumps-tour-asia,"Post Trump Visiting Asia , White House Announces Multiple Trade De",20251114T161500Z,natlawreview.com,English,CHN,JPN,0.0,2025-11-15T18:13:24.490827
https://sn.ifeng.com/c/8oFXMVQhiNH,2025年西安外贸绘高质量发展答卷,20251114T023000Z,sn.ifeng.com,Chinese,CHN,JPN,0.0,2025-11-15T18:13:24.490838
https://chimpreports.com/eac-trade-records-38-billion-in-q2-2025-as-exports-surge-by-40/,EAC Trade Records $38 Billion in Q2 2025 as Exports Surge by 40 % ,20251110T151500Z,chimpreports.com,English,CHN,JPN,0.0,2025-11-15T18:13:24.490850
https://www.etnews.com/20251113000179,"韓 ICT 흑자 , 두 달 연속 100억달러 … 대미 수출도 반등",20251113T024500Z,etnews.com,Korean,CHN,JPN,0.0,2025-11-15T18:13:24.490861
https://www.foodmag.com.au/china-expo-marks-new-trade-connections-for-wa/,China expo marks new trade connections for WA - Food & Beverage Industry News,20251112T234500Z,foodmag.com.au,English,CHN,JPN,0.0,2025-11-15T18:13:24.490872
http://www.nepalnational.com/news/278691305/india-becomes-indonesia-3rd-largest-export-destination-in-q2-2025-amid-trade-shifts-report,India becomes Indonesia 3rd largest export destination in Q2 2025 amid trade shifts : Report,20251113T090000Z,nepalnational.com,English,CHN,JPN,0.0,2025-11-15T18:13:24.490883
